Corredora,Numero de contacto,
Asenjo Propiedades,56961129028,
Assetplan Consultas,56949512070,
Atwood,56993511488,
Absal Inmobiliaria,,COTIZA INTERNAMENTE LA PROPIEDAD
Absalon Inmobiliaria,,COTIZA INTERNAMENTE LA PROPIEDAD
Aconcagua,,COTIZA INTERNAMENTE LA PROPIEDAD
"Activa Inmobiliaria",,COTIZA INTERNAMENTE LA PROPIEDAD
Actual Inmobiliaria,,COTIZA INTERNAMENTE LA PROPIEDAD
Alborada,,
Alejandro Jaime V. & Asociados,56993240884,
Almagro,,
Almagro Propiedades,56992263816,
Argomedo Propiedade,56995791126,
Ascui Propiedades,56949463340,
Bailey Propiedades,56991320220,
Banca Propiedades,56983280253,
Benavente Mozó Propiedades,56963209911,
Benjamín Cousiño Propiedades,56961791938,
Berrios Zegers Propiedades,56968138377,
Binexxos Business Intelligenc,56962997050,
Bleyton Gestión Inmobiliaria,56993239230,
Blue Home,56997010365,
Boetsch Propiedades,56990357693,
Borquez Y Asociados,56963146364,
"Cariola Kroneberg Propiedades",56934281059,
Casamar Partners Brokers Inmob,56933966350,
"Casas Huechuraba",56988370500,
Cata Brochet Propiedades,56927606416,
Charad Propiedades,56984192091,
Cbre,56996693189,
Cliperty,56982341871,
Coldwell Banker,56994230551,
Colliers,56946290000,
Convet,,
Correa Pereira Propiedade,56933313556,
Cushman Wakefield,,
Cym Propiedades,56934018822,
Dc Properties Spa,56942182983,
"Decus Propiedades",56943949454,
"Diagonal 2",56995043847,
Directo Propiedades,56997051515,
"R & M Propiedades",56983612562,